révolution;721;nom
violence;417;nom
violent;212;adj
voir;93;ver
politique;93;adj
révolutionnaire;87;adj
changement;87;nom
effet;75;nom
société;71;nom
r;66;nr
mouvement;59;nom
prendre;58;ver
exemple;58;nom
régime;54;nom
cas;52;nom
moyen;50;nom
aller;47;ver
place;46;nom
social;45;adj
idée;45;nom
p;43;nr
nécessairement;41;adv
marx;41;nr
permettre;40;ver
guerre;40;nom
premier;39;adj
ordre;39;nom
homme;39;nom
forme;38;nom
classe;38;nom
considérer;37;ver
monde;36;nom
pacifique;34;adj
mettre;34;ver
sembler;33;ver
partie;33;nom
fin;33;nom
siècle;32;nom
notamment;32;adv
i;32;nom
droit;32;nom
période;31;nom
peuple;31;nom
également;30;adv
passer;30;ver
nombreux;30;adj
liberté;30;nom
etat;30;nr
dernier;30;adj
partir;29;ver
grand;29;adj
nouveau;28;nom
montrer;28;ver
année;28;nom
américain;28;adj
terme;27;nom
seul;27;adj
nécessaire;27;adj
mener;27;ver
manière;27;nom
histoire;26;nom
fois;26;nom
volonté;25;nom
population;25;nom
important;25;adj
cause;25;nom
fran;24;nr
sentir;23;ver
lutte;23;nom
gouvernement;23;nom
france;23;nr
communiste;23;adj
rendre;22;ver
manifestation;22;nom
k;22;nom
imposer;22;ver
français;22;adj
devenir;22;ver
brutal;22;adj
évolution;21;nom
populaire;21;adj
nt;21;nr
différent;21;adj
civil;21;adj
changer;21;ver
caractère;21;nom
agir;21;ver
utiliser;20;ver
unir;20;ver
temps;20;nom
présenter;20;ver
or;20;nom
définition;20;nom
économique;19;adj
but;19;nom
bouleversement;19;nom
acte;19;nom
question;18;nom
physique;18;adj
philosophe;18;nom
parler;18;ver
lier;18;ver
aise;18;nom
action;18;nom
venir;17;ver
suite;17;nom
renverser;17;ver
pays;17;nom
groupe;17;nom
créer;17;ver
chose;17;nom
scientifique;16;adj
possible;16;adj
mort;16;nom
inévitable;16;adj
travers;15;nom
révolte;15;nom
république;15;nom
rester;15;ver
provoquer;15;ver
penser;15;ver
ion;15;nom
indépendance;15;nom
entendre;15;ver
domaine;15;nom
armée;15;nom
ais;15;nom
aboutir;15;ver
évènement;14;nom
é;14;adv
système;14;nom
spd;14;nr
répression;14;nom
prolétaire;14;nom
part;14;nom
opposition;14;nom
mot;14;nom
ent;14;nr
arendt;14;nr
terreur;13;nom
socialiste;13;adj
q;13;nom
ns;13;nr
juillet;13;nom
finir;13;ver
constater;13;ver
co;13;adv
1d;13;nr
utilisation;12;nom
trouver;12;ver
prolétariat;12;nom
production;12;nom
parvenir;12;ver
opposer;12;ver
notion;12;nom
marxisme;12;nom
manifester;12;ver
majeur;12;adj
lieu;12;nom
l1;12;nr
karl;12;nr
impliquer;12;ver
forcément;12;adv
dérouler;12;ver
dictature;12;nom
deuxième;12;adj
culturel;12;adj
conséquence;12;nom
condition;12;nom
citation;12;nom
époque;11;nom
économie;11;nom
vivre;11;ver
travail;11;nom
théorie;11;nom
sociétal;11;adj
sein;11;nom
roi;11;nom
retrouver;11;ver
renversement;11;nom
rapport;11;nom
processus;11;nom
preuve;11;nom
pensée;11;nom
paci;11;nr
nation;11;nom
industriel;11;adj
facteur;11;nom
er;11;nr
engendrer;11;ver
définir;11;ver
début;11;nom
dé;11;nom
donner;11;ver
constitution;11;nom
conflit;11;nom
conduire;11;ver
commun;11;adj
caractériser;11;ver
bourgeoisie;11;nom
appeler;11;ver
xxème;10;nr
sujet;10;nom
soulèvement;10;nom
ré;10;nom
robespierre;10;nr
retour;10;nom
recours;10;nom
origine;10;nom
nouvelle;10;adj
national;10;adj
monarchie;10;nom
modèle;10;nom
mode;10;nom
intérêt;10;nom
inde;10;nom
idéologie;10;nom
gandhi;10;nr
femme;10;nom
etats;10;nr
désobéissance;10;nom
défendre;10;ver
déclaration;10;nom
conclure;10;ver
britannique;10;adj
autorité;10;nom
aspect;10;nom
événement;9;nom
étudier;9;ver
vie;9;nom
transformation;9;nom
total;9;adj
théoriser;9;ver
tats;9;nr
tat;9;nr
sorte;9;nom
révolut;9;nr
révolu;9;adj
rupture;9;nom
prôner;9;ver
problème;9;nom
printemps;9;nom
numérique;9;adj
nombre;9;nom
moderne;9;adj
mesure;9;nom
mentir;9;ver
lénine;9;nr
légitime;9;adj
laisser;9;ver
king;9;nr
kennedy;9;nr
impossible;9;adj
idéologique;9;adj
humain;9;adj
généralement;9;adv
face;9;nom
expliquer;9;ver
exister;9;ver
dissertation;9;nom
demander;9;ver
célèbre;9;adj
courant;9;nom
constituer;9;ver
citoyen;9;nom
arriver;9;ver
arme;9;nom
arabe;9;nom
appuyer;9;ver
ant;9;nr
allemand;9;adj
algérie;9;nr
état;8;nom
vision;8;nom
viser;8;ver
vi;8;nr
user;8;ver
transformer;8;ver
st;8;nr
sexuel;8;adj
révol;8;nr
répondre;8;ver
revenir;8;ver
puissance;8;nom
protestation;8;nom
propriété;8;nom
principe;8;nom
principal;8;adj
posséder;8;ver
porter;8;ver
opposant;8;nom
obtenir;8;ver
noir;8;adj
moment;8;nom
marxiste;8;adj
institution;8;nom
instaurer;8;ver
général;8;nom
ennemi;8;nom
développer;8;ver
désigner;8;ver
démocratie;8;nom
commencer;8;ver
chute;8;nom
bourgeois;8;adj
bastille;8;nom
appliquer;8;ver
ancien;8;adj
évoluer;7;ver
écrire;7;ver
véritable;7;adj
victime;7;nom
valeur;7;nom
ue;7;nr
type;7;nom
travailleur;7;nom
thèse;7;nom
structure;7;nom
stabilité;7;nom
solution;7;nom
sang;7;nom
réponse;7;nom
réaliser;7;ver
réaction;7;nom
russie;7;nr
refuser;7;ver
président;7;nom
propos;7;nom
privé;7;adj
poser;7;ver
plutôt;7;adv
petit;7;adj
passage;7;nom
pacifiste;7;adj
nouvel;7;adj
nom;7;nom
nature;7;nom
martin;7;nom
majorité;7;nom
légitimité;7;nom
luther;7;nr
loi;7;nom
lien;7;nom
libérer;7;ver
justifier;7;ver
jour;7;nom
idéal;7;adj
fait;7;nom
fa;7;nom
efficace;7;adj
déclarer;7;ver
céder;7;ver
crise;7;nom
contraindre;7;ver
contexte;7;nom
connaître;7;ver
commettre;7;ver
civique;7;adj
brutalité;7;nom
brusque;7;adj
bouleverser;7;ver
apporter;7;ver
amérique;7;nom
affirmer;7;ver
évoquer;6;ver
éviter;6;ver
volution;6;nr
violen;6;nr
utopie;6;nom
tuer;6;ver
sociétales;6;nr
situation;6;nom
sanglant;6;adj
révolutio;6;nr
révolter;6;ver
réel;6;adj
rouge;6;adj
revendication;6;nom
raison;6;nom
profond;6;adj
pousser;6;ver
possibilité;6;nom
po;6;nr
phénomène;6;nom
peur;6;nom
pacifisme;6;nom
ouvrier;6;nom
organisation;6;nom
opposé;6;nom
ons;6;nr
observer;6;ver
objectif;6;nom
manifestant;6;nom
maintenir;6;ver
machine;6;nom
livre;6;nom
libre;6;adj
inévitablement;6;adv
intéressant;6;adj
individu;6;nom
indien;6;adj
impact;6;nom
h;6;nr
finalement;6;adv
europe;6;nr
entraine;6;nr
empire;6;nom
effectivement;6;adv
développement;6;nom
démocratique;6;adj
domination;6;nom
diriger;6;ver
côté;6;nom
cyclique;6;adj
cycle;6;nom
création;6;nom
convention;6;nom
contestation;6;nom
conséquent;6;adj
concept;6;nom
compte;6;nom
communisme;6;nom
castro;6;nr
besoin;6;nom
base;6;nom
assurer;6;ver
apparaître;6;ver
allemagne;6;nom
accepter;6;ver
aborder;6;ver
abord;6;nom
échec;5;nom
violer;5;ver
viol;5;nom
vio;5;nr
usage;5;nom
urss;5;nr
urs;5;nr
uniquement;5;adv
ts;5;nr
travailler;5;ver
tion;5;nr
tenter;5;ver
susciter;5;ver
suivre;5;ver
soviétique;5;adj
source;5;nom
soumettre;5;ver
somme;5;nom
simplement;5;adv
servir;5;ver
science;5;nom
révoluti;5;nr
réussir;5;ver
résistance;5;nom
riche;5;adj
reprendre;5;ver
renouveau;5;nom
remarquer;5;ver
relation;5;nom
qualifier;5;ver
prouver;5;ver
propre;5;adj
prolétarien;5;adj
profit;5;nom
produire;5;ver
phrase;5;nom
personnage;5;nom
per;5;nr
particulier;5;adj
parlementaire;5;adj
paix;5;nom
oppression;5;nom
omme;5;nr
nécessité;5;nom
nte;5;nr
nition;5;nr
nde;5;nr
naissance;5;nom
motiver;5;ver
mondial;5;adj
mentalité;5;nom
masse;5;nom
marquer;5;ver
marque;5;nom
mao;5;nom
manquer;5;ver
légal;5;adj
large;5;adj
lancer;5;nom
john;5;nr
intérieur;5;adj
intéresser;5;ver
inhérent;5;adj
humanité;5;nom
hui;5;nom
historique;5;adj
hannah;5;nr
gr;5;nr
forcer;5;ver
fonder;5;ver
fondamental;5;adj
fidel;5;nr
expression;5;nom
exploiter;5;ver
existence;5;nom
exercer;5;ver
essayer;5;ver
entrer;5;ver
enfant;5;nom
employer;5;ver
ement;5;nr
efficacité;5;nom
détruire;5;ver
dur;5;adj
dominer;5;ver
destruction;5;nom
critique;5;adj
coup;5;nom
coter;5;ver
copernicien;5;adj
contrôler;5;ver
contrôle;5;nom
contraire;5;nom
continuer;5;ver
contester;5;ver
comprendre;5;ver
clergé;5;nom
citer;5;ver
causer;5;ver
capitalisme;5;nom
campagne;5;nom
ca;5;nr
baser;5;ver
autoritaire;5;adj
atteindre;5;ver
ar;5;nr
améri;5;nr
alliance;5;nom
age;5;nom
adversaire;5;nom
accompagner;5;ver
absolu;5;adj
û;4;nr
évidemment;4;adv
établir;4;ver
épisode;4;nom
élection;4;nom
éclater;4;ver
ère;4;nom
z;4;nom
xviiième;4;nr
ve;4;nr
vaincre;4;ver
vague;4;nom
ur;4;nr
union;4;nom
ues;4;nr
tête;4;nom
tsar;4;nom
tou;4;nr
totalement;4;adv
tions;4;nr
thème;4;nom
technique;4;nom
subir;4;ver
ste;4;nr
souveraineté;4;nom
sortir;4;ver
signe;4;nom
sentiment;4;nom
scène;4;nom
rôle;4;nom
révo;4;nr
résulter;4;ver
réforme;4;nom
rural;4;adj
respecter;4;ver
religieux;4;adj
radical;4;adj
présent;4;nom
proprement;4;adv
proposer;4;ver
progrès;4;nom
pro;4;nom
pratique;4;adj
poursuivre;4;ver
pierre;4;nom
penseur;4;nom
partisan;4;nom
participer;4;ver
pari;4;nom
parer;4;ver
outil;4;nom
our;4;nr
opérer;4;ver
octobre;4;nom
obliger;4;ver
non_violence;4;nom
nommer;4;ver
naturel;4;adj
moteur;4;nom
monter;4;ver
millier;4;nom
militaire;4;adj
meilleur;4;adj
massacre;4;nom
marcher;4;ver
mai;4;nom
légitimer;4;ver
lutter;4;ver
long;4;adj
limite;4;nom
largement;4;adv
journaliste;4;nom
it;4;nr
intrinsèque;4;adj
insurrection;4;nom
instauration;4;nom
inspirer;4;ver
illustre;4;adj
ii;4;nr
historien;4;nom
hegel;4;nr
hanna;4;nr
frère;4;nom
fruit;4;nom
fr;4;nr
foule;4;nom
fln;4;nr
extrêmement;4;adv
extrême;4;adj
envoyer;4;ver
entraîner;4;ver
employé;4;nom
effusion;4;nom
débuter;4;ver
dominant;4;adj
distinguer;4;ver
dirigeant;4;nom
dimension;4;nom
dictateur;4;nom
dan;4;nom
cubain;4;adj
cuba;4;nr
convenir;4;ver
convaincre;4;ver
contemporain;4;adj
conscience;4;nom
composant;4;adj
communauté;4;nom
colonie;4;nom
collatéral;4;adj
chine;4;nom
chercher;4;ver
censure;4;nom
cation;4;nom
cadre;4;nom
cacher;4;ver
battre;4;ver
batista;4;nr
avantage;4;nom
auteur;4;nom
aujourd;4;nr
attaque;4;nom
astre;4;nom
assemblée;4;nom
arrivée;4;nom
armer;4;ver
août;4;nom
anna;4;nr
anglais;4;adj
amener;4;ver
ambition;4;nom
aire;4;nom
admettre;4;ver
accéder;4;ver
ù;3;nr
ïillets;3;nr
ême;3;nr
évident;3;adj
étroit;3;adj
étranger;3;adj
és;3;nr
énorme;3;adj
élévation;3;nom
égard;3;nom
ée;3;nr
ème;3;nr
xviième;3;nr
xvi;3;nr
xixe;3;nr
w;3;nom
vraiment;3;adv
vote;3;nom
volutions;3;nr
violenc;3;nr
ville;3;nom
victoire;3;nom
velours;3;nom
utions;3;nr
ution;3;nr
usine;3;nom
ui;3;nr
tunisie;3;nr
ttt;3;nr
transition;3;nom
transfert;3;nom
traduire;3;ver
toucher;3;ver
tiers;3;nom
théoricien;3;nom
thomas;3;nom
therme;3;nr
territorial;3;adj
terre;3;nom
tendre;3;ver
tement;3;nr
tchécoslovaquie;3;nr
sécurité;3;nom
synonyme;3;adj
supprimer;3;ver
supposer;3;ver
suisse;3;adj
succès;3;nom
stabiliser;3;ver
soulever;3;ver
souhaiter;3;ver
soldat;3;nom
socio;3;adv
so;3;nr
simple;3;adj
signifier;3;ver
seulement;3;adv
serment;3;nom
semblable;3;adj
saison;3;nom
révolt;3;nr
résultat;3;nom
réseau;3;nom
réprimer;3;ver
région;3;nom
réflexion;3;nom
réalisation;3;nom
règle;3;nom
russe;3;adj
rs;3;nr
royaliste;3;nom
royal;3;adj
revendiquer;3;ver
revanche;3;nom
représentation;3;nom
rentrer;3;ver
remplacer;3;ver
remise;3;nom
relever;3;ver
redouter;3;ver
rebel;3;nr
rapprocher;3;ver
rappeler;3;ver
ques;3;nr
qualifié;3;adj
périodique;3;adj
puissant;3;adj
public;3;adj
psychologique;3;adj
préférer;3;ver
précédent;3;nom
propagande;3;nom
prononcer;3;ver
projet;3;nom
profondément;3;adv
profiter;3;ver
proche;3;adj
prison;3;nom
primordial;3;adj
premi;3;nr
pou;3;nom
politologue;3;nr
polir;3;ver
physiquement;3;adv
pe;3;nr
payer;3;ver
parisien;3;adj
paraître;3;ver
pacif;3;nr
ouvrage;3;nom
out;3;adj
otons;3;nr
orbite;3;nom
oppresseur;3;nom
obligatoire;3;adj
nts;3;nr
nsi;3;nr
novembre;3;nom
noter;3;ver
norme;3;nom
nord;3;nom
noblesse;3;nom
no;3;nr
niveau;3;nom
nit;3;nr
nir;3;nr
nier;3;ver
nettement;3;adv
nda;3;nr
naître;3;ver
musique;3;nom
mtu;3;nr
moral;3;nom
mondialisation;3;nom
mo;3;nr
militant;3;nom
mexicain;3;adj
marché;3;nom
léninisme;3;nom
lénin;3;nr
lution;3;nr
louis;3;nom
lle;3;nr
llaz;3;nr
litique;3;nr
licence;3;nom
libéralisation;3;nom
libéral;3;nom
lettre;3;nom
lence;3;nr
latin;3;nom
killian;3;nr
juif;3;nom
jouer;3;ver
jeune;3;adj
jasmin;3;nom
iv;3;nr
is;3;nr
iolence;3;nr
intervenir;3;ver
intellectuel;3;adj
instigateur;3;nom
installer;3;ver
insister;3;ver
insi;3;nr
initier;3;ver
infime;3;adj
incompréhension;3;nom
immanquablement;3;adv
idé;3;nr
hitler;3;nr
hippie;3;nom
heurt;3;nom
guérilla;3;nom
global;3;adj
garde;3;nom
garantie;3;nom
féministe;3;nom
froid;3;adj
fondation;3;nom
fonctionnement;3;nom
fitzgerald;3;nr
film;3;nom
fil;3;nom
figure;3;nom
façon;3;nom
faveur;3;nom
exprimer;3;ver
exploitation;3;nom
exiger;3;ver
exaction;3;nom
ette;3;nr
estimer;3;ver
espace;3;nom
entrainer;3;nr
enter;3;ver
ensemble;3;adv
ela;3;nr
effectuer;3;ver
détacher;3;ver
déroulement;3;nom
départ;3;nom
démontrer;3;ver
démocratisation;3;nom
défense;3;nom
découler;3;ver
déclencher;3;ver
décision;3;nom
décider;3;ver
don;3;nom
dizaine;3;nom
discours;3;nom
diffusion;3;nom
difficile;3;adj
delà;3;adv
cïur;3;nr
culture;3;nom
cours;3;nom
correspondre;3;ver
copernic;3;nr
contribuer;3;ver
contrairement;3;adv
contrainte;3;nom
continent;3;nom
complet;3;adj
communication;3;nom
com;3;nom
colonial;3;adj
code;3;nom
cile;3;nr
choisir;3;ver
chinois;3;adj
champ;3;nom
ch;3;nr
cercle;3;nom
capitaliste;3;nom
cambodge;3;nr
calme;3;nom
bolchévique;3;nr
bessin;3;nr
barbare;3;nom
axe;3;nom
avérer;3;ver
avenir;3;nom
augmenter;3;ver
astronomie;3;nom
associé;3;nom
associer;3;ver
approuver;3;ver
apparaitre;3;nr
ançaise;3;nr
antagonisme;3;nom
améliorer;3;ver
am;3;nr
al;3;nr
aine;3;nom
affrontement;3;nom
adopter;3;ver
adapter;3;ver
acteur;3;nom
acquérir;3;ver
accorder;3;ver
accomp;3;nr
absolument;3;adv
abolir;3;ver
8d;3;nr
êt;2;nr
évolué;2;adj
évo;2;nr
évidement;2;nom
étude;2;nom
étroitement;2;adv
étayer;2;ver
étatique;2;adj
ét;2;nr
érotique;2;adj
équivoq;2;nr
énormément;2;adv
émergence;2;nom
émancipation;2;nom
élément;2;nom
él;2;nr
égalitaire;2;adj
écrivain;2;nom
écri;2;nr
écouter;2;ver
économiste;2;nom
école;2;nom
éclaircir;2;ver
échelle;2;nom
ècle;2;nr
çaise;2;nr
zone;2;nom
zedong;2;nr
xxième;2;nr
xvième;2;nr
western;2;nom
wegener;2;nr
véritablement;2;adv
vrai;2;adj
viêt;2;nr
virer;2;ver
vieux;2;adj
vietnamien;2;nom
victor;2;nr
veu;2;nr
ver;2;nom
vecteur;2;nom
valoriser;2;ver
valoir;2;ver
valable;2;adj
vainqueur;2;nom
vain;2;adj
urbain;2;adj
universel;2;adj
univers;2;nom
ultime;2;adj
uite;2;nr
uerre;2;nr
témoigner;2;ver
tyrannique;2;adj
ture;2;nr
tuilerie;2;nom
tte;2;nr
tsariste;2;adj
troupe;2;nom
trouble;2;nom
trou;2;nom
troisième;2;adj
tre;2;nr
trave;2;nom
tran;2;nr
trait;2;nom
tr;2;nr
tourner;2;ver
tour;2;nom
tomber;2;ver
titre;2;nom
tirer;2;ver
tique;2;nom
théâtre;2;nom
théorisée;2;nr
thé;2;nom
teux;2;nr
terminer;2;ver
ter;2;adv
tension;2;nom
tendance;2;nom
technologique;2;adj
technologie;2;nom
taire;2;ver
systématique;2;adj
symbole;2;nom
survenir;2;ver
surenchère;2;nom
surcroit;2;nr
surcro;2;nr
suffragette;2;nom
suffisant;2;adj
suffire;2;ver
sud;2;nom
succession;2;nom
strict;2;adj
stes;2;nr
spécial;2;adj
spectre;2;nom
sièc;2;nr
situer;2;ver
simone;2;nr
sex_shop;2;nom
sement;2;nr
semaine;2;nom
sel;2;nom
second;2;adj
satisfaisant;2;adj
sarah;2;nr
salazariste;2;adj
révéler;2;ver
révolutionner;2;ver
révolutionnair;2;nr
rév;2;nr
résumer;2;ver
résider;2;ver
réserver;2;ver
répétitif;2;adj
républicain;2;nom
répressif;2;adj
répartition;2;nom
répandre;2;ver
régler;2;ver
régir;2;ver
référence;2;nom
réfractaire;2;adj
rédaction;2;nom
réclamer;2;ver
rébellion;2;nom
réalité;2;nom
ruiner;2;ver
royaume;2;nom
rollande;2;nr
ro;2;nr
rmet;2;nr
risque;2;nom
revolvere;2;nr
retourner;2;ver
restant;2;nom
ressource;2;nom
respect;2;nom
représentant;2;nom
reprise;2;nom
repousser;2;ver
reposer;2;ver
rentable;2;adj
ren;2;nr
remplacement;2;nom
remettre;2;ver
rement;2;nr
religion;2;nom
rejeter;2;ver
reich;2;nom
regarder;2;ver
regard;2;nom
reconnaître;2;ver
rda;2;nr
rationnel;2;adj
rapprochement;2;nom
rapidement;2;adv
rand;2;nr
ramener;2;ver
racisme;2;nom
racial;2;adj
r2;2;nr
quotidien;2;adj
quitter;2;ver
périr;2;ver
pur;2;adj
psychique;2;adj
prétendant;2;nom
présence;2;nom
préconiser;2;ver
précisément;2;adv
propriétaire;2;nom
proportionné;2;adj
propo;2;nr
promulguer;2;ver
progressivité;2;nr
progressivement;2;adv
progression;2;nom
proclamer;2;ver
processuel;2;nr
problématique;2;adj
prix;2;nom
principalement;2;adv
primat;2;nom
pr;2;nr
pouv;2;nr
poudre;2;nom
possession;2;nom
position;2;nom
pos;2;nr
portugal;2;nr
porte;2;nom
port;2;nom
politiq;2;nr
policier;2;adj
police;2;nom
plein;2;adj
planète;2;nom
pl;2;nr
philosophie;2;nom
phase;2;nom
pertinent;2;adj
perte;2;nom
perrin;2;nr
perpétuel;2;adj
permett;2;nr
perdre;2;ver
pauvreté;2;nom
pauvre;2;adj
patriarcal;2;adj
pasteur;2;nom
particulièrement;2;adv
parl;2;nr
pacifiquement;2;adv
ouïr;2;ver
ouvrir;2;ver
oublier;2;ver
ori;2;nr
ordinaire;2;adj
onies;2;nr
onde;2;nom
omniprésent;2;adj
olution;2;nr
olitiques;2;nr
olitique;2;nr
olente;2;nr
oi;2;nr
oeil;2;nom
ociété;2;nr
occuper;2;ver
occidental;2;adj
occident;2;nom
occasionner;2;ver
néo;2;adv
nécessiter;2;ver
nécessairem;2;nr
nouer;2;ver
nou;2;nr
note;2;nom
non_violentes;2;nr
newton;2;nr
nes;2;nr
nedy;2;nr
ndt;2;nr
nazisme;2;nom
natu;2;nr
nant;2;nom
nal;2;nr
mïurs;2;nr
métropole;2;nom
mémoire;2;nom
multiplier;2;ver
mourir;2;ver
mortel;2;adj
montagnard;2;nom
mont;2;nom
monopole;2;nom
monarchique;2;adj
moitié;2;nom
mois;2;nom
mirabeau;2;nr
mill;2;nr
ments;2;nr
menacer;2;ver
membre;2;nom
maximilien;2;nr
mars;2;nom
mallet;2;nr
majoritairement;2;adv
majoritaire;2;adj
maistre;2;nr
madero;2;nr
léonard;2;adj
léniniste;2;adj
lé;2;nom
lumière;2;nom
lo;2;nr
littéral;2;adj
lire;2;ver
limiter;2;ver
ligne;2;nom
libération;2;nom
libéralisme;2;nom
li;2;nom
lent;2;adj
larousse;2;nr
ken;2;nr
jus;2;nom
juger;2;ver
ju;2;nr
journée;2;nom
jeu;2;nom
jean;2;nom
jacques;2;nom
issue;2;nom
israël;2;nr
islamiste;2;adj
irrémédiablement;2;adv
ir;2;nr
iques;2;nr
ique;2;nr
inéluctable;2;adj
intégrant;2;adj
intég;2;nr
intimement;2;adv
intervention;2;nom
interroger;2;ver
internet;2;nom
international;2;adj
internati;2;nr
interdire;2;ver
int;2;nr
instrument;2;nom
instabilité;2;nom
initial;2;adj
inférieur;2;adj
influencer;2;ver
influence;2;nom
ines;2;nr
indépendant;2;adj
industrie;2;nom
industr;2;nr
indust;2;nr
indissociable;2;adj
indispensable;2;adj
indiquer;2;ver
inclure;2;ver
incarné;2;adj
impression;2;nom
importer;2;ver
imaginer;2;ver
illégitime;2;adj
ignoran;2;nr
ifier;2;nr
ient;2;nr
ien;2;nr
ie;2;nr
identifier;2;ver
héros;2;nom
héliocentrisme;2;nr
héliocentrique;2;nr
homm;2;nr
henri;2;nr
hebert;2;nr
haine;2;nom
habitude;2;nom
habitant;2;nom
géolog;2;nr
géocentrique;2;nr
généralisé;2;adj
guise;2;nom
guillotine;2;nom
guerrier;2;adj
grandir;2;ver
gra;2;nr
gouverner;2;ver
goulag;2;nom
girondin;2;adj
gine;2;nr
ghandi;2;nr
genre;2;nom
gavron;2;nr
gaulle;2;nom
garder;2;ver
garantir;2;ver
galement;2;nr
gagner;2;ver
février;2;nom
front;2;nom
fracture;2;nom
foulon;2;nom
fortement;2;adv
form;2;nr
forcement;2;nom
for;2;nom
fondement;2;nom
fond;2;nom
fonction;2;nom
foncièrement;2;adv
ffet;2;nr
favorable;2;adj
faiblesse;2;nom
fai;2;nr
facultatif;2;adj
exécution;2;nom
extrémiste;2;nom
explicitement;2;adv
exode;2;nom
européen;2;nom
etc;2;adv
estomper;2;ver
essentiel;2;adj
essence;2;nom
essai;2;nom
esprit;2;nom
espoir;2;nom
esclave;2;nom
esclavagiste;2;nom
ers;2;nom
envisager;2;ver
envie;2;nom
envahir;2;ver
entêtement;2;nom
ents;2;nr
entreprise;2;nom
entité;2;nom
englober;2;ver
engels;2;nr
engager;2;ver
encourager;2;ver
ence;2;nr
encadrer;2;ver
emploi;2;nom
ell;2;nr
el;2;nr
efgh;2;nr
ef;2;nr
dévoiler;2;ver
détourner;2;ver
déterminant;2;adj
détenu;2;nom
détenir;2;ver
désormais;2;adv
désiré;2;adj
dérive;2;nom
député;2;nom
déplacement;2;nom
dépendant;2;adj
dépendance;2;nom
délicat;2;adj
dégât;2;nom
défaveur;2;nom
défaillant;2;adj
dées;2;nr
déduire;2;ver
décrire;2;ver
découverte;2;nom
décapitation;2;nom
débordement;2;nom
dresser;2;ver
doute;2;nom
doctrine;2;nom
divergence;2;nom
distinction;2;nom
dissuasion;2;nom
disposition;2;nom
directement;2;adv
direct;2;nom
dif;2;nr
danger;2;nom
célia;2;nr
croissance;2;nom
cour;2;nom
corruption;2;nom
corps;2;nom
contrer;2;ver
contrepied;2;nr
constant;2;adj
constamment;2;adv
consommation;2;nom
conservateur;2;nom
conseil;2;nom
connait;2;nr
confirmer;2;ver
condamner;2;ver
concurrence;2;nom
composer;2;ver
comporter;2;ver
complètement;2;adv
complexité;2;nom
complexe;2;adj
communément;2;adv
communi;2;nr
commercial;2;adj
combattre;2;ver
combat;2;nom
collectif;2;adj
col;2;nom
classique;2;adj
citadin;2;nom
cifique;2;nr
choix;2;nom
chef;2;nom
charger;2;ver
chance;2;nom
chan;2;nr
chambouler;2;ver
cha;2;nr
caractérisé;2;adj
caractéristique;2;nom
capital;2;nom
capable;2;adj
canon;2;nom
camp;2;nom
caine;2;nr
bénéficier;2;ver
bué;2;nr
bretagne;2;nr
bout;2;nom
bord;2;nom
bombe;2;nom
bolchéviques;2;nr
blesser;2;ver
bie;2;nr
biais;2;nom
bel;2;adj
beau;2;adj
bataille;2;nom
basculement;2;nom
baisser;2;ver
avertir;2;ver
avancé;2;adj
avancer;2;ver
autoriser;2;ver
auto;2;nom
augmentation;2;nom
attendre;2;ver
attaquer;2;ver
at;2;nr
artisanal;2;adj
article;2;nom
art;2;nom
appel;2;nom
apparition;2;nom
apparenter;2;ver
apparait;2;nr
appara;2;nr
ao;2;nr
antiquité;2;nom
anodin;2;adj
anné;2;nr
angleterre;2;nom
ancrer;2;ver
analyse;2;nom
améric;2;nr
amélioration;2;nom
ampleur;2;nom
aliénation;2;nom
alexandre;2;nr
ale;2;nom
ain;2;nr
agriculture;2;nom
agressivité;2;nom
agraire;2;adj
agne;2;nr
afro;2;adj
affranchir;2;ver
affecter;2;ver
actuel;2;adj
achever;2;ver
acharné;2;adj
accomplir;2;ver
acceptation;2;nom
acceptable;2;adj
accentuer;2;ver
acc;2;nr
abus;2;nom
absence;2;nom
abolition;2;nom
6d;2;nr
1dr;2;nr
ût;1;nr
òil;1;nr
ïuvres;1;nr
ître;1;nr
îne;1;nr
évènem;1;nr
évolutionnaires;1;nr
évolut;1;nr
évolte;1;nr
évitable;1;adj
évidence;1;nom
éventuellement;1;adv
évelop;1;nr
évaluation;1;nom
été;1;nom
étymologiquement;1;adv
étymologique;1;adj
étouffer;1;ver
éternel;1;adj
étendre;1;ver
étasunienne;1;nr
étape;1;nom
étaires;1;nr
établ;1;nr
éré;1;nr
éric;1;nr
éresser;1;nr
érent;1;nr
équivoque;1;nom
équivaloir;1;ver
éq;1;nr
épouvant;1;nr
épistémologiques;1;nr
épicentre;1;nom
épeignent;1;nr
épargner;1;ver
ép;1;nr
éorise;1;nr
éorganise;1;nr
énéfique;1;nr
émouvoir;1;ver
émigrer;1;ver
émeute;1;nom
émerveiller;1;ver
émerveillement;1;nom
éments;1;nr
émanciper;1;ver
émailler;1;ver
élu;1;nom
éloigner;1;ver
élite;1;nom
éliminer;1;ver
élever;1;ver
électricité;1;nom
électoral;1;adj
élargissons;1;nr
élancer;1;ver
élaboré;1;adj
élaboration;1;nom
éhontément;1;nr
égénéré;1;nr
égyptien;1;adj
égoïste;1;adj
égorisées;1;nr
égalité;1;nom
égal;1;adj
ég;1;nr
éducation;1;nom
écraser;1;ver
éclosion;1;nom
éclore;1;ver
éclatant;1;adj
éclat;1;nom
éclaireur;1;nom
éclaircissement;1;nom
échouer;1;ver
échapper;1;ver
échafaudage;1;nom
échafaud;1;nom
écelée;1;nr
écarter;1;ver
éc;1;nr
ébut;1;nr
ébranler;1;ver
ze;1;nr
ymboles;1;nr
xème;1;nr
xxè;1;nr
xxe;1;nr
xvè;1;nr
xte;1;nr
xixème;1;nr
xii;1;nr
xi;1;nr
xerce;1;nr
werber;1;nr
wende;1;nr
weil;1;nr
weber;1;nr
wayne;1;nr
watt;1;nom
washington;1;nr
walesa;1;nr
vérité;1;nom
vér;1;nr
vres;1;nr
voyon;1;nr
voulaien;1;nr
vou;1;nr
voting;1;nr
voquée;1;nr
voqué;1;nr
volontairement;1;adv
volontaire;1;adj
volontair;1;nr
voix;1;nom
voilé;1;adj
voiler;1;ver
voi;1;nr
vocable;1;nom
vo;1;nr
vladimir;1;nr
viétique;1;nr
visite;1;nom
visio;1;nr
virulent;1;adj
violemment;1;adv
violement;1;nr
violation;1;nom
vim;1;nr
villie;1;nr
vill;1;nr
vietnam;1;nr
vietna;1;nr
vietn;1;nr
vide;1;adj
vicieux;1;adj
viabilité;1;nom
verser;1;ver
verbe;1;nom
vendéen;1;adj
vendée;1;nr
vendeur;1;nom
vements;1;nr
velle;1;nr
veil;1;nr
vaste;1;adj
varsovie;1;nr
vapeur;1;nom
vape;1;nom
vant;1;nr
vanque;1;nr
vandale;1;nom
vait;1;nr
vainque;1;nr
vagu;1;nr
vacance;1;nom
uvert;1;nr
uvernement;1;nr
uvent;1;nr
uvement;1;nr
utrement;1;nr
utopiste;1;nom
utopique;1;adj
utio;1;nr
utilité;1;nom
utilitariste;1;nr
utile;1;adj
uti;1;nr
uther;1;nr
utant;1;nr
ussite;1;nr
usmb;1;nr
us;1;nom
urment;1;nr
urgeoisie;1;nr
urer;1;nr
upes;1;nr
univer;1;nr
unité;1;nom
uniquemen;1;nr
unique;1;adj
unification;1;nom
unanimité;1;nom
ultralibérale;1;nr
ulier;1;nr
ulent;1;nr
uis;1;nr
uer;1;nr
uences;1;nr
uelle;1;nr
ucune;1;nr
uche;1;nr
uand;1;nr
tôt;1;adv
témo;1;nr
téléphone;1;nom
tymologiquement;1;nr
turin;1;nr
tunisien;1;adj
tuerie;1;nom
tuel;1;nr
ttri;1;nr
tteste;1;nr
trône;1;nom
trôle;1;nr
truquer;1;ver
trotsk;1;nr
tristement;1;adv
triompher;1;ver
triomphe;1;nom
tribune;1;nom
tribunal;1;nom
tribal;1;adj
trei;1;nr
traînée;1;nom
travails;1;nr
trav;1;nr
traumatisant;1;adj
transit;1;nom
transiger;1;ver
transférer;1;ver
tral;1;nr
traitrises;1;nr
traiter;1;ver
trai;1;nr
traditionnel;1;adj
tradition;1;nom
tracteur;1;nom
tra;1;nr
tournant;1;nom
toujo;1;nr
touchant;1;adj
totalitaire;1;adj
tomb;1;nr
tolérer;1;ver
toire;1;nr
tirade;1;nom
tionnaires;1;nr
tionnaire;1;nr
tie;1;nr
ti;1;nr
théorisé;1;nr
théorisation;1;nr
théori;1;nr
thoreau;1;nr
the;1;nr
thawra;1;nr
th;1;nr
texte;1;nom
tervention;1;nr
terrible;1;adj
terr;1;nr
ternet;1;nr
term;1;nr
tent;1;nr
tenir;1;ver
temporellement;1;adv
temporel;1;adj
teindre;1;ver
technologi;1;nr
tchek;1;nr
tchang;1;nr
taylorisme;1;nom
tations;1;nr
taine;1;nr
tage;1;nr
table;1;nom
sé;1;nr
syndicat;1;nom
symphonie;1;nom
symphoni;1;nr
sympathie;1;nom
symboliser;1;ver
suspicion;1;nom
suspension;1;nom
suspecter;1;ver
suscitera;1;nr
surveiller;1;ver
surrection;1;nr
surprenant;1;adj
suprématies;1;nr
suprématie;1;nom
suppléer;1;ver
supercontinent;1;nr
super;1;adj
suj;1;nr
sui;1;nom
suffrage;1;nom
suffra;1;nr
suffisamment;1;adv
suffir;1;nr
subvenir;1;ver
substantiel;1;adj
subjectif;1;adj
struc;1;nr
statu;1;nr
statation;1;nr
stalinien;1;adj
staline;1;nr
ssi;1;nr
spécialiste;1;nom
spirituellement;1;adv
sphère;1;nom
spel;1;nr
spectateur;1;nom
spatial;1;adj
souvenir;1;nom
soutien;1;nom
soutenir;1;ver
soumission;1;nom
soulè;1;nr
souligner;1;ver
souci;1;nom
sou;1;nom
sortie;1;nom
sombrer;1;ver
sombre;1;adj
solidarnosc;1;nr
solaire;1;adj
sol;1;nom
sociologue;1;nom
socio_économiques;1;nr
socio_économique;1;adj
socialisme;1;nom
sociabilité;1;nom
soci;1;nr
soc;1;nom
sme;1;nr
slogan;1;nom
sixtine;1;nr
situ;1;nom
sion;1;nr
sines;1;nr
sine_qua_non;1;adv
sincèrement;1;adv
simpliste;1;adj
similitude;1;nom
similarité;1;nom
signi;1;nr
sible;1;nr
shark;1;nr
shangaï;1;nr
sformés;1;nr
sform;1;nr
seyssel;1;nr
sexe;1;nom
serviteur;1;nom
sergio;1;nr
ser;1;nr
septembre;1;nom
semer;1;ver
semblant;1;nom
selma;1;nr
seigneurial;1;adj
seigneur;1;nom
secteur;1;nom
seconde;1;nom
scpo;1;nr
scolariser;1;ver
scinder;1;ver
schématiser;1;ver
savoyard;1;nom
savoir_faire;1;nom
savoi;1;nr
sauvigny;1;nr
satellite;1;nom
saristes;1;nr
sans_culotte;1;nom
sanc;1;nr
salazar;1;nr
salarié;1;adj
sain;1;adj
sacré;1;adj
sacrifice;1;nom
saboter;1;ver
rêne;1;nom
rééduquer;1;ver
révoquerons;1;nr
révolutionne;1;nr
révolteó;1;nr
révocable;1;adj
réveil;1;nom
réussite;1;nom
résoudre;1;ver
résolument;1;adv
résistant;1;nom
réquisitionner;1;ver
répéter;1;ver
répu;1;nr
répo;1;nr
répercutions;1;nr
répartir;1;ver
réorganiser;1;ver
réitérer;1;ver
réinventer;1;ver
réintroduction;1;nr
réguler;1;ver
régner;1;ver
régional;1;adj
référendum;1;nom
réfuter;1;ver
réformer;1;ver
réellement;1;adv
réellem;1;nr
réell;1;nr
réduire;1;ver
rédiger;1;ver
récom;1;nr
réchauffement;1;nom
récessif;1;adj
réalisable;1;adj
réalis;1;nr
règlement;1;nom
rx;1;nr
rue;1;nom
ructures;1;nr
rtair;1;nr
rss;1;nr
rsque;1;nr
rre;1;nr
royait;1;nr
rouve;1;nr
rousseau;1;nom
rouler;1;ver
rose;1;adj
ronter;1;nr
rons;1;nr
rome;1;nr
roche;1;nom
rnier;1;nr
rmé;1;nr
rment;1;nr
rmement;1;nr
rités;1;nr
rire;1;ver
rique;1;nr
riposter;1;ver
riposte;1;nom
rigine;1;nr
rights;1;nr
rielles;1;nr
rhénanie;1;nr
rgumenter;1;nr
rgement;1;nr
rge;1;nr
revolutio;1;nr
revoir;1;ver
revers;1;nom
reven;1;nr
retrou;1;nr
retrait;1;nom
retournen;1;nr
retournement;1;nom
retombée;1;nom
retirer;1;ver
retenir;1;ver
restreindre;1;ver
restaurer;1;ver
ressurgir;1;ver
ressortissant;1;nom
ressentir;1;ver
rer;1;nr
requérir;1;ver
représenter;1;ver
représe;1;nr
repenser;1;ver
repellere;1;nr
renvoyer;1;ver
rent;1;nr
renouvèlement;1;nr
renouvèle;1;nr
renouvellement;1;nom
renouveler;1;ver
renons;1;nr
rencontrer;1;ver
renaître;1;ver
renaissance;1;nom
remédier;1;ver
rempli;1;adj
remarq;1;nr
relles;1;nr
relle;1;nr
relev;1;nr
relativiser;1;ver
relativement;1;adv
relativ;1;nr
rejoindre;1;ver
rejeté;1;adj
reine;1;nom
regrouper;1;ver
refonte;1;nom
recourir;1;ver
recour;1;nr
reconnaitre;1;nr
reconnaissance;1;nom
reco;1;nr
rechercher;1;ver
recherche;1;nom
recevable;1;adj
recette;1;nom
rebeller;1;ver
rchique;1;nr
rche;1;nr
rayonner;1;ver
ravitaillement;1;nom
ravageur;1;adj
ravager;1;ver
ravage;1;nom
rattraper;1;ver
rarement;1;adv
rare;1;adj
rappel;1;nom
rapidité;1;nom
rapide;1;adj
raphoz;1;nr
rançaise;1;nr
rant;1;nr
ranger;1;ver
rancïur;1;nr
ran;1;nom
ral;1;nr
raisonnement;1;nom
raire;1;ver
raduit;1;nr
radicaliser;1;ver
radicalisant;1;nr
radi;1;nr
raconter;1;ver
ra;1;nom
quête;1;nom
quo;1;nr
questionner;1;ver
quement;1;nr
quasiment;1;adv
qualité;1;nom
qualif;1;nr
quali;1;nr
pétrole;1;nom
pétrir;1;ver
périodiquement;1;adv
péril;1;nom
péninsule;1;nom
pée;1;nr
père;1;nom
putsch;1;nom
puri;1;nr
purgatrice;1;nr
purement;1;adv
puiser;1;ver
publiquement;1;adv
publier;1;ver
ption;1;nr
pte;1;nr
pt;1;nr
psychologiquement;1;adv
psychiquement;1;adv
prêtre;1;nom
prêter;1;ver
prévaloir;1;ver
prétexte;1;nom
présiden;1;nr
prérévolutionnaire;1;adj
prépondérant;1;adj
préméditation;1;nom
prémisse;1;nom
prémices;1;nom
précéd;1;nr
pré;1;nom
prussien;1;adj
provo;1;nom
provenir;1;ver
prou;1;nr
protéger;1;ver
protester;1;ver
protestataire;1;nr
prospérité;1;nom
propulser;1;ver
propreme;1;nr
proportion;1;nom
prop;1;nr
promulgation;1;nom
promouvoir;1;ver
prolét;1;nr
prol;1;nr
progressiste;1;adj
progressif;1;adj
programme;1;nom
profondeur;1;nom
profitants;1;nr
produc;1;nr
procédé;1;nom
proclamation;1;nom
prochain;1;adj
probant;1;adj
probablement;1;adv
probable;1;adj
privilégié;1;adj
privilège;1;nom
priver;1;ver
priser;1;ver
prince;1;nom
prime;1;nom
primaire;1;adj
prestige;1;nom
pression;1;nom
presse;1;nom
prenant;1;adj
premièrement;1;adv
premiè;1;nr
premie;1;nr
pre;1;nr
pratiquement;1;adv
prague;1;nr
pposé;1;nr
pouvon;1;nr
pouvoi;1;nr
pous;1;nr
pourta;1;nr
poursuite;1;nom
pourr;1;nr
potentiellement;1;adv
postrévolutionnaire;1;nr
post;1;adv
positif;1;adj
porteur;1;adj
portant;1;adj
porret;1;nr
popularité;1;nom
popul;1;nr
polémique;1;nom
pologne;1;nr
politiquement;1;adv
politiqu;1;nr
politico;1;adv
politi;1;nr
pol;1;nr
plét;1;nr
plusie;1;nr
pluralité;1;nom
plume;1;nom
plonger;1;ver
plier;1;ver
pleuvoir;1;ver
pleinement;1;adv
plan;1;nom
plaire;1;ver
plaider;1;ver
plafond;1;nom
placer;1;ver
piège;1;nom
pièce;1;nom
pitié;1;nom
pire;1;adj
pionnier;1;nom
pilosophes;1;nr
piller;1;ver
pilier;1;nom
pie;1;nom
philosophique;1;adj
philosophi;1;nr
peupler;1;ver
peuplement;1;nom
peup;1;nr
peti;1;nr
peser;1;ver
pes;1;nr
perverti;1;adj
persécution;1;nom
personnalité;1;nom
persister;1;ver
perpétrer;1;ver
permanent;1;adj
perdurer;1;ver
percher;1;ver
percevoir;1;ver
pens;1;nr
pendan;1;nr
pellissier;1;nr
peindre;1;ver
paysan;1;nom
paume;1;nom
pau;1;nr
patronat;1;nom
patriotique;1;adj
patriote;1;nom
parveni;1;nr
parution;1;nom
particul;1;nr
partic;1;nr
partager;1;ver
parot;1;nr
parfaire;1;ver
parent;1;nom
paranoïa;1;nom
paradoxe;1;nom
paradigmatique;1;nr
paradan;1;nr
pape;1;nom
pangée;1;nr
palette;1;nom
pagaille;1;nom
pacte;1;nom
pacité;1;nr
pacifi;1;nr
pac;1;nr
ouvoir;1;nr
ouvement;1;nr
ouvaient;1;nr
outrance;1;nom
outes;1;nr
ous;1;nr
ouest;1;nom
otre;1;nr
oto;1;nr
ostracisé;1;nr
orts;1;nr
orthodoxe;1;adj
ortement;1;nr
orsque;1;nr
orie;1;nr
orhan;1;nr
organisé;1;adj
organiser;1;ver
oreille;1;nom
ordonner;1;ver
ordinateur;1;nom
orables;1;nr
opération;1;nom
opulation;1;nr
oppressés;1;nr
opinion;1;nom
ophes;1;nr
onscient;1;nr
onction;1;nom
oncept;1;nr
onc;1;adv
onaux;1;nr
omplissement;1;nr
omniprésence;1;nom
omn;1;nr
omment;1;nr
ommation;1;nr
olympe;1;nom
olutions;1;nr
olomb;1;nr
olent;1;nr
olence;1;nr
ole;1;nr
ola;1;nom
ohn;1;nr
ogique;1;nr
ofonde;1;nr
offrir;1;ver
odéré;1;nr
océan;1;adj
ociation;1;nr
ocation;1;nr
obscur;1;adj
obligatoirement;1;adv
obligatoi;1;nr
objet;1;nom
objectivement;1;adv
obje;1;nr
négociation;1;nom
négliger;1;ver
négatif;1;adj
néfaste;1;adj
nécessi;1;nr
nécessaireme;1;nr
nécessa;1;nr
néc;1;nr
nuit;1;nom
nuire;1;ver
nuancer;1;ver
nuance;1;nom
ntend;1;nr
ntage;1;nr
nsuite;1;nr
nstitutionnellement;1;nr
nsition;1;nr
nse;1;nr
novice;1;nom
nouveauté;1;nom
nourrir;1;ver
noton;1;nr
notamm;1;nr
nostra;1;nr
normaliser;1;ver
non_violents;1;nr
nombr;1;nr
nnées;1;nr
nne;1;nr
niste;1;nr
ngulier;1;nr
ngements;1;nr
nfit;1;nr
neutralisation;1;nom
neuf;1;adj
net;1;adj
nemis;1;nr
ndéens;1;nr
ndustrielle;1;nr
nditions;1;nr
nder;1;nr
ndant;1;nr
nce;1;nr
nc;1;nr
nazi;1;nom
naxalites;1;nr
naturalisé;1;adj
natur;1;nr
nationalité;1;nom
nationaliste;1;nom
napoléon;1;nom
nait;1;nr
nagasaki;1;nr
mêler;1;ver
mê;1;nr
métro;1;nom
mériter;1;ver
mélange;1;nom
médiatiser;1;ver
médecine;1;nom
médaille;1;nom
mécanis;1;nr
mètre;1;nom
muter;1;ver
munir;1;ver
multitude;1;nom
multiple;1;adj
mpte;1;nr
mps;1;nr
mple;1;nr
mouveme;1;nr
mouve;1;nr
mouiller;1;ver
mou;1;adj
motivation;1;nom
motivatio;1;nr
motif;1;nom
morceau;1;nom
morale;1;nom
montgomery;1;nr
montgom;1;nr
montagn;1;nr
montage;1;nom
mona;1;nr
momentané;1;adj
mom;1;nr
moissonneur;1;nom
modérer;1;ver
modifier;1;ver
modi;1;nr
modernité;1;nom
modalité;1;nom
mod;1;nom
mobilisation;1;nom
mmuns;1;nr
mixte;1;adj
mixité;1;nom
mite;1;nom
missionnée;1;nr
minorité;1;nom
minorit;1;nr
mino;1;adj
ministère;1;nom
ministre;1;nom
minimum;1;nom
mine;1;nom
millénaire;1;nom
miliée;1;nr
militantisme;1;nom
militairement;1;adv
milieu;1;nom
michel;1;nr
mexique;1;nr
meuse;1;nr
meurtre;1;nom
mesur;1;nr
messianique;1;adj
mer;1;nom
mental;1;adj
mennuni;1;nr
meneur;1;nom
mendès;1;nr
mencheviques;1;nr
maîtrise;1;nom
maximum;1;nom
maxime;1;nom
maxence;1;nr
max;1;nom
mau;1;nr
matériel;1;adj
matérialisme;1;nom
matérialiser;1;ver
matthias;1;nr
matière;1;nom
mathis;1;nr
massif;1;adj
massacrer;1;ver
massacr;1;nr
marzal;1;nr
marxiste_léniniste;1;adj
marginaliser;1;ver
marginalisation;1;nr
marche;1;nom
marc;1;nom
maoïste;1;adj
maoïsme;1;nom
manuel;1;nom
manipuler;1;ver
manifest;1;nr
manifes;1;nr
manif;1;nom
mand;1;nr
malraux;1;nr
malhonnête;1;adj
malheureusement;1;adv
malek;1;nr
majoritairem;1;nr
maitres;1;nr
maintien;1;nom
main;1;nom
mahatma;1;nom
mage;1;nom
mafia;1;nom
machiavel;1;nr
maccarthysme;1;nom
léon;1;nr
léninis;1;nr
légitimement;1;adv
législation;1;nom
léger;1;adj
légaliser;1;ver
légalisation;1;nom
légalis;1;nr
légalement;1;adv
lég;1;nr
lybie;1;nr
lutt;1;nr
lutions;1;nr
lutionnaires;1;nr
luddites;1;nr
ltés;1;nr
lth;1;nr
lson;1;nr
lsd;1;nom
ls;1;nr
loyaliste;1;adj
lover;1;ver
loukachenko;1;nr
louise;1;nr
longévité;1;nom
longuement;1;adv
londres;1;nr
logiquement;1;adv
logique;1;adj
locke;1;nr
local;1;adj
loc;1;nr
llet;1;nr
llema;1;nr
ll;1;nr
litiques;1;nr
limpide;1;adj
lim;1;nr
liesse;1;nom
licet;1;nr
liberticide;1;adj
lexique;1;nom
leversement;1;nr
lesquel;1;nr
leone;1;nr
len;1;nr
leme;1;nr
leins;1;nr
lech;1;nr
lebeau;1;nr
leadeur;1;nr
leader;1;nom
lausiblement;1;nr
lauréat;1;nom
laslaz;1;nr
largem;1;nr
laquel;1;nr
laq;1;nr
lambda;1;nom
laient;1;nr
lagrant;1;nr
ladite;1;adj
lacer;1;ver
kojève;1;nr
kjoo;1;nr
khmers;1;nr
kai;1;nr
justi;1;nr
justesse;1;nom
justement;1;adv
jur;1;nr
jungle;1;nom
julie;1;nr
judéenne;1;nom
judice;1;nr
joy;1;nr
journal;1;nom
joseph;1;nom
jos;1;nr
jori;1;nr
joconde;1;nr
jimi;1;nr
jeunesse;1;nom
jefferson;1;nr
jazaa;1;nr
jaune;1;adj
janvier;1;nom
janséniste;1;nom
james;1;nr
iété;1;nr
ièrement;1;nr
ix;1;nr
ivant;1;nr
its;1;nr
itique;1;nr
itarisme;1;nr
italo_américains;1;nr
italien;1;adj
italie;1;nr
itablement;1;nr
istoire;1;nr
isqu;1;nr
isolé;1;adj
isol;1;nr
isodes;1;nr
islatures;1;nr
ise;1;nr
isabelle;1;adj
isab;1;nr
irs;1;nr
irplane;1;nr
iron;1;nr
iriyya;1;nr
irement;1;nr
ire;1;nom
iquer;1;nr
iqu;1;nr
iprésente;1;nr
inéma;1;nr
inégalité;1;nom
involontairement;1;adv
involontaire;1;adj
invisible;1;adj
investissement;1;nom
investir;1;ver
inversement;1;adv
inver;1;nr
invention;1;nom
invalide;1;nom
inutile;1;adj
intérioriser;1;ver
intégrité;1;nom
intégration;1;nom
introduire;1;ver
intrinsèquement;1;adv
intolérable;1;adj
intituler;1;ver
intitul;1;nr
interventionnisme;1;nom
interpréter;1;ver
interprétation;1;nom
interposer;1;ver
internationaliste;1;adj
interaction;1;nom
intentionnellement;1;adv
intention;1;nom
intensité;1;nom
intense;1;adj
insurgé;1;nom
insupportable;1;adj
insuffisant;1;adj
instrum;1;nr
institutionnel;1;adj
instinctivement;1;adv
instigate;1;nr
instaur;1;nr
instantanément;1;adv
instantané;1;adj
insta;1;nr
insoutenable;1;adj
inscrire;1;ver
ins;1;nr
inoffensif;1;adj
innovation;1;nom
injustifié;1;adj
injustice;1;nom
injust;1;nr
initiative;1;nom
initiateur;1;nom
initiale;1;nom
inhér;1;nr
inhumainement;1;adv
inhumain;1;adj
inférant;1;nr
informe;1;adj
informatique;1;nom
information;1;nom
influent;1;adj
influ;1;nr
infiniment;1;adv
inferieures;1;nr
inextricablement;1;adv
inexorable;1;adj
inefficacité;1;nom
inefficace;1;adj
indépendantiste;1;adj
indépendances;1;nr
indép;1;nr
indéniable;1;adj
indéfiniment;1;adv
industrialisation;1;nom
industri;1;nr
induire;1;ver
individuel;1;adj
indie;1;nr
incontrôlé;1;adj
inconditionnel;1;adj
incomplet;1;adj
inciter;1;ver
incitation;1;nom
incipale;1;nr
incident;1;nom
incertitude;1;nom
incapable;1;adj
inauguration;1;nom
inactif;1;adj
inacceptable;1;adj
imputer;1;ver
impuissant;1;adj
impuissance;1;nom
imprévisible;1;adj
impressionnant;1;adj
imposant;1;adj
importance;1;nom
imperceptible;1;adj
impensable;1;adj
impactant;1;nr
impa;1;nr
immédiat;1;adj
immuable;1;adj
immolation;1;nom
immanent;1;adj
iminuer;1;nr
imagination;1;nom
imaginaire;1;adj
image;1;nom
im;1;nr
illégal;1;adj
illustrer;1;ver
illust;1;nr
ilitch;1;nr
ij;1;nr
iii;1;nr
igne;1;nr
ifique;1;nr
ifférentes;1;nr
ies;1;nr
iers;1;nr
ierre;1;nr
ier;1;nr
ielle;1;nr
idéologiquement;1;adv
idique;1;nr
identique;1;adj
id;1;nr
icule;1;nr
icones;1;nr
icaine;1;nr
ic;1;nr
ibe;1;nr
iales;1;nr
hésiter;1;ver
hérules;1;nr
héro;1;nom
hériter;1;ver
hénomè;1;nr
hun;1;nom
humiliation;1;nom
humanitaire;1;adj
hugo;1;nr
hu;1;nr
hspd;1;nr
hristophe;1;nr
houé;1;nr
hostile;1;adj
hoses;1;nr
hors_la_loi;1;nom
horizon;1;nom
hore;1;nr
hiérarchique;1;adj
hiérarchie;1;nom
hiver;1;nom
historiquement;1;adv
his;1;nr
hiroshima;1;nr
heureux;1;adj
her;1;nr
henry;1;nom
hendrix;1;nr
haïtien;1;adj
hautain;1;adj
haut;1;nom
hasard;1;nom
hant;1;nr
hangements;1;nr
hangem;1;nr
hangeant;1;nr
habiller;1;ver
gérer;1;ver
géocentrisme;1;nr
génération;1;nom
généralité;1;nom
généralisés;1;nr
généralisons;1;nr
généraliser;1;ver
généra;1;nr
gén;1;nr
géant;1;adj
gène;1;nom
gypte;1;nr
guère;1;adv
guyane;1;nr
gure;1;nr
guillotiné;1;adj
guillemet;1;nom
guevara;1;nr
gue;1;nr
gu;1;nr
gré;1;nom
grève;1;nom
gros;1;adj
grec;1;nom
grave;1;adj
grandement;1;adv
grain;1;nom
graduellement;1;adv
gouvernemental;1;adj
gouvernante;1;nom
gouvernant;1;nom
gouri;1;nr
gouge;1;nom
goth;1;nom
gorie;1;nr
gorbatchev;1;nr
gonfler;1;ver
go;1;nom
gne;1;nr
globe;1;nom
globalité;1;nom
globalement;1;adv
glaise;1;nom
gilet;1;nom
gettes;1;nr
ges;1;nr
gens;1;nom
gene;1;nr
gendron;1;nr
gendarme;1;nom
gements;1;nr
gement;1;nr
geler;1;ver
ge;1;nr
gavage;1;nom
garant;1;adj
gand;1;nr
galvaniser;1;ver
galilée;1;nr
ga;1;nr
fête;1;nom
férocité;1;nom
féodalisme;1;nom
féodal;1;adj
féminisme;1;nom
féminici;1;nr
fémi;1;nr
futur;1;adj
furie;1;nom
fur_et_à_mesure;1;nom
fulgencio;1;nr
fu;1;nr
fréquenter;1;ver
fréquemment;1;adv
frontière;1;nom
frontal;1;adj
frapper;1;ver
franck;1;nr
francisco;1;nr
fragmenter;1;ver
fragment;1;nom
fragile;1;adj
fraction;1;nom
former;1;ver
forg;1;nr
ford;1;nr
forcém;1;nr
fonctionner;1;ver
fon;1;nr
flits;1;nr
fique;1;nr
finance;1;nom
finaleme;1;nr
final;1;adj
fidèle;1;adj
ficaces;1;nr
fgh;1;nr
feuer;1;nr
feu;1;nom
ferroviaire;1;adj
fermer;1;ver
fer;1;nom
femm;1;nr
faço;1;nr
favoriser;1;ver
fav;1;nr
fausseté;1;nom
farouchement;1;adv
famine;1;nom
famille;1;nom
fair;1;nr
faction;1;nom
ey;1;nr
exécutif;1;adj
exécuter;1;ver
exécut;1;nr
exutoire;1;nom
extérieur;1;nom
extrémise;1;nr
extralégale;1;nr
extraire;1;ver
extr;1;nr
extinction;1;nom
extension;1;nom
exproprié;1;nom
exposer;1;ver
exponentiel;1;adj
exploser;1;ver
explicité;1;nr
explicite;1;adj
expert;1;nom
experience;1;nr
exis;1;nr
exiler;1;ver
exicaine;1;nr
exi;1;nr
exhaustif;1;adj
exergue;1;nom
exempl;1;nr
exemp;1;nr
exe;1;nr
excès;1;nom
excuser;1;ver
exclusivement;1;adv
exclure;1;ver
exception;1;nom
excellence;1;nom
examiner;1;ver
ex;1;nr
evenu;1;nr
euses;1;nr
eurs;1;nr
eur;1;nr
etrouve;1;nr
ethnique;1;adj
eta;1;nr
este;1;nom
essuieront;1;nr
essor;1;nom
essitent;1;nr
essentiellement;1;adv
essentialisme;1;nom
essenti;1;nr
esse;1;nom
espèce;1;nom
espagnol;1;adj
esclavage;1;nom
esclava;1;nr
escient;1;nom
escalier;1;nom
esc;1;nr
ery;1;nr
erspectives;1;nr
errer;1;ver
ernesto;1;nr
ermit;1;nr
erme;1;nr
epuis;1;nr
epoque;1;nr
eph;1;nr
eo;1;nr
envisagerons;1;nr
environnement;1;nom
envahisseur;1;nom
env;1;nr
entrée;1;nom
entretenir;1;ver
entrepreneur;1;nom
entreprendre;1;ver
entrainent;1;nr
entrainant;1;nr
entier;1;adj
enthousiasme;1;nom
ental;1;nr
ensuivre;1;ver
ens;1;nr
enrichir;1;ver
enjeu;1;nom
engouement;1;nom
eng;1;nr
enf;1;nr
endéenne;1;nr
endt;1;nr
endommager;1;ver
endance;1;nr
encrer;1;ver
enacé;1;nr
empêcher;1;ver
emprisonner;1;ver
empreindre;1;ver
emporter;1;ver
emple;1;nr
empirisme;1;nom
emparer;1;ver
ements;1;nr
emen;1;nr
embre;1;nr
ema;1;nr
ellement;1;nr
elie;1;nr
ei;1;nr
egxy;1;nr
egardons;1;nr
efga;1;nr
efforcer;1;ver
effondrer;1;ver
eddy;1;nr
ectivement;1;nr
ectio;1;nr
econnaître;1;nr
econd;1;nr
ecclésiastique;1;adj
eau;1;nom
eace;1;nr
dîme;1;nom
développerons;1;nr
développeme;1;nr
dévastateur;1;adj
détriment;1;nom
déterminisme;1;nom
déségrégation;1;nom
déstabiliser;1;ver
déstabilisation;1;nom
désordre;1;nom
désirer;1;ver
désir;1;nom
désintégration;1;nom
déshumanisantes;1;nr
dériver;1;ver
déprécier;1;ver
déportation;1;nom
déplorable;1;adj
déplaire;1;ver
déplacer;1;ver
dépens;1;nom
dépendre;1;ver
dépeindre;1;ver
déologie;1;nr
dénoncer;1;ver
dénommé;1;nom
dénommer;1;ver
dénombrer;1;ver
démonstratif;1;adj
démolition;1;nom
démocratiser;1;ver
démocrati;1;nr
démocra;1;nr
démesurer;1;ver
démarrage;1;nom
démantèlement;1;nom
délibérément;1;adv
délai;1;nom
dégénéré;1;nom
dégénérer;1;ver
définitif;1;adj
défenseur;1;nom
défaut;1;nom
défaite;1;nom
défaire;1;ver
décrédibiliser;1;ver
décrédibilise;1;nr
décou;1;nr
décolonisation;1;nom
déco;1;adj
déclar;1;nr
décid;1;nr
déchaine;1;nr
décha;1;nr
décennie;1;nom
décapiter;1;ver
déboucher;1;ver
débouc;1;nr
débauche;1;nom
débattre;1;ver
débat;1;nom
débarrasser;1;ver
durer;1;ver
duran;1;nr
dui;1;nr
duchesne;1;nr
dualité;1;nom
dt;1;nr
drogue;1;nom
doux;1;adj
douleur;1;nom
douceur;1;nom
dou;1;nr
doter;1;ver
doors;1;nr
dompter;1;ver
domino;1;nom
doma;1;nr
do;1;nom
diviser;1;ver
divergent;1;adj
distribution;1;nom
dissoute;1;adj
dissolution;1;nom
disproportionné;1;adj
disparition;1;nom
disparaitre;1;nr
discuter;1;ver
discussion;1;nom
discréditer;1;ver
discriminer;1;ver
discrimination;1;nom
discorde;1;nom
direc;1;nr
diplômé;1;nom
différencier;1;ver
diffuser;1;ver
difficilement;1;adv
diff;1;nr
dieu;1;nom
die;1;nom
dictée;1;nom
dictionnaire;1;nom
dictionna;1;nr
diaboliser;1;ver
di;1;nr
dev;1;nr
deuxièmement;1;adv
deu;1;nr
destructeur;1;adj
destituer;1;ver
description;1;nom
derni;1;nr
dep;1;nr
demeurer;1;ver
demeure;1;nom
dem;1;nr
degré;1;nom
david;1;nr
davan;1;nr
dava;1;nr
dater;1;ver
date;1;nom
dangereux;1;adj
d_aborder;1;nr
césure;1;nom
cérémonie;1;nom
cyclone;1;nom
cyber;1;nr
cultu;1;nr
culte;1;nom
ctère;1;nr
ctuel;1;nr
ct;1;nr
croyance;1;nom
croiss;1;nr
critère;1;nom
crime;1;nom
creuser;1;ver
crasé;1;nr
coïncider;1;ver
coutés;1;nr
couteux;1;nr
courir;1;ver
couramment;1;adv
couler;1;ver
couche;1;nom
couch;1;nr
coton;1;nom
corrélés;1;nr
corrélation;1;nom
corru;1;nr
corrompre;1;adj
coperniciennes;1;nr
convoiter;1;ver
convocation;1;nom
controversé;1;adj
contrat;1;nom
contrai;1;nr
contradictoire;1;adj
contraceptif;1;nom
contourné;1;adj
contour;1;nom
continuité;1;nom
continu;1;adj
context;1;nr
contestataire;1;nom
contenter;1;ver
contenir;1;ver
cont;1;nr
construire;1;ver
constitutionnel;1;adj
constituant;1;adj
constato;1;nr
constaterons;1;nr
constat;1;nom
consister;1;ver
considérablement;1;adv
considérable;1;adj
considér;1;nr
consentement;1;nom
consensuel;1;adj
conseiller;1;nom
conscient;1;adj
consciencieusement;1;adv
consacrer;1;ver
conquête;1;nom
conquérir;1;ver
connaitre;1;nr
connaissance;1;nom
conn;1;nr
congrè;1;nr
cong;1;nr
confronter;1;ver
confrontation;1;nom
confiance;1;nom
confi;1;nr
conduite;1;nom
condorcet;1;nr
condamnatio;1;nr
concrétiser;1;ver
concrét;1;nr
concret;1;adj
concre;1;nr
conclusion;1;nom
concevoir;1;ver
concevable;1;adj
concession;1;nom
concerner;1;ver
concep;1;nr
conce;1;nr
comte;1;nom
compétence;1;nom
compère;1;nom
compter;1;ver
compt;1;nr
compromis;1;nom
complétement;1;nr
complè;1;nr
complot;1;nom
comparer;1;ver
commonwealth;1;nr
commonwea;1;nr
commercer;1;ver
commerce;1;nom
commen;1;nr
comm;1;nr
comité;1;nom
colère;1;nom
colonisateu;1;nr
colon;1;nom
coller;1;ver
collectiviser;1;ver
collectivisation;1;nom
coalition;1;nom
club;1;nom
climatique;1;adj
climat;1;nom
clas;1;nr
clair;1;adj
civilisation;1;nom
cité;1;nom
cinéma;1;nom
cieu;1;nr
cible;1;nom
chômage;1;nom
chée;1;nr
châtier;1;ver
chuter;1;ver
choquer;1;ver
choc;1;nom
cheveu;1;nom
chercheur;1;nom
cherc;1;nr
chent;1;nr
chemin;1;nom
chaîne;1;nom
chasser;1;ver
charles;1;nr
chareg;1;nr
charbon;1;nom
chapelle;1;nom
changemen;1;nr
chang;1;nr
chandra;1;nr
chamfort;1;nr
cesser;1;ver
cesse;1;nom
cervera;1;nr
certa;1;nr
cert;1;nr
cer;1;nr
cepend;1;nr
central;1;adj
censé;1;adj
censurer;1;ver
caux;1;nr
cautionner;1;ver
catégorique;1;adj
catégorie;1;nom
caté;1;nom
cative;1;nr
cations;1;nr
catast;1;nr
catalyseur;1;nom
cat;1;nr
cassé;1;adj
casino;1;nom
casa;1;nom
carte;1;nom
carranza;1;nr
caractéristi;1;nr
cara;1;nr
capitale;1;nom
capita;1;nr
capillotracté;1;nr
camus;1;nom
cami;1;nr
cambodgien;1;nom
cains;1;nr
cain;1;nr
cacité;1;nr
bénéfice;1;nom
béné;1;nr
bâtir;1;ver
bus;1;nom
btenir;1;nr
brutali;1;nr
brutalement;1;adv
bruta;1;nr
brochure;1;nom
briser;1;ver
brigand;1;nom
breux;1;nr
breu;1;nr
boycott;1;nom
bourse;1;nom
bouleversant;1;adj
boulever;1;nr
bouger;1;ver
bouc;1;nom
bose;1;nr
borner;1;ver
bordel;1;nom
boom;1;nom
bond;1;nom
bonaparte;1;nr
bombardement;1;nom
bolchevique;1;adj
bolchevik;1;nom
boire;1;ver
blé;1;nom
blessé;1;nom
biélorussie;1;nr
biélorusses;1;nr
bilatéral;1;adj
bilan;1;nom
bi;1;nom
bertier;1;nr
bernard;1;nr
belliqueux;1;adj
beethoven;1;nr
batteur;1;nom
bandit;1;nom
bancal;1;adj
bancai;1;nr
banal;1;adj
bafouer;1;ver
bach;1;nr
aya;1;nom
ay;1;nr
avènement;1;nom
avouer;1;ver
avortement;1;nom
avo;1;nr
avis;1;nom
avers;1;nom
avant_garde;1;nom
avancée;1;nom
avance;1;nom
avan;1;nr
auvais;1;nr
autrement;1;adv
autonomie;1;nom
autodestruction;1;nom
aut;1;nr
auss;1;nr
aus;1;nr
aur;1;nr
aujour;1;nr
audace;1;nom
au_delà;1;adv
attribuer;1;ver
attri;1;nr
attitude;1;nom
attiser;1;ver
attentat;1;nom
atte;1;nr
attaquen;1;nr
attacherons;1;nr
atrocité;1;nom
atroce;1;adj
atout;1;nom
atomique;1;adj
ation;1;nr
astronomique;1;adj
astille;1;nr
ast;1;nr
assurance;1;nom
assite;1;nr
assister;1;ver
assimiler;1;ver
asses;1;nr
assent;1;nr
asse;1;nom
assassinat;1;nom
assassin;1;nom
aspirer;1;ver
aspiration;1;nom
asie;1;nr
artois;1;nr
artisan;1;nom
arties;1;nr
arrêter;1;ver
armement;1;nom
arlement;1;nr
arle;1;nr
arien;1;adj
argume;1;nr
arenter;1;nr
are;1;nom
aradoxalement;1;nr
aque;1;nr
après_des;1;nr
aprè;1;nr
apr;1;nr
approprier;1;ver
appropriation;1;nom
apport;1;nom
appliqué;1;adj
applicable;1;adj
appl;1;nr
appartenir;1;ver
apparent;1;adj
apparemment;1;adv
appareil;1;nom
apitalisme;1;nr
apart;1;nr
aoutée;1;nr
aout;1;nr
anéantir;1;ver
ançais;1;nr
antérieur;1;adj
antoine;1;nr
antique;1;adj
ante;1;nom
antagoni;1;nr
annon;1;nr
anniversaire;1;nom
annecy;1;nr
anne;1;nr
anm;1;nr
angs;1;nr
angl;1;nr
angements;1;nr
ange;1;nom
andré;1;nr
ance;1;nr
analyser;1;ver
américanophile;1;adj
américa;1;nr
amér;1;nr
amélie;1;nr
amour;1;nom
amendement;1;nom
ambulant;1;adj
ambiance;1;nom
amalgamer;1;ver
amalgame;1;nom
aléatoire;1;adj
alternative;1;nom
alor;1;nr
allégresse;1;nom
allié;1;nom
allier;1;ver
allet;1;nr
aliéné;1;nom
alitaire;1;nr
alimenter;1;ver
ali;1;nr
algérien;1;adj
algré;1;nr
alant;1;nr
alade;1;nr
ajouter;1;ver
ajout;1;nom
aisé;1;adj
ail;1;nom
agrémenter;1;ver
agriculteur;1;nom
agnées;1;nr
aggraver;1;ver
agent;1;nom
afrique;1;nr
affronter;1;ver
af;1;nr
adoption;1;nom
adjectif;1;nom
adhérer;1;ver
adhérent;1;nom
adepte;1;nom
adaptation;1;nom
actère;1;nr
actualité;1;nom
act;1;nr
acqu;1;nr
acifiques;1;nr
achi;1;nr
accès;1;nom
accusation;1;nom
accumuler;1;ver
accumulation;1;nom
accueillir;1;ver
accroit;1;nr
accoucher;1;ver
accord;1;nom
accompli;1;adj
accidentel;1;adj
accep;1;nr
accaparer;1;ver
ac;1;nr
absurdité;1;nom
absent;1;adj
abru;1;nr
abriter;1;ver
abouti;1;adj
abominable;1;adj
able;1;nom
abilité;1;nr
abd;1;nr
abattre;1;ver
abandonner;1;ver
ab;1;nr
a_contrario;1;adv
9g;1;nr
6p28;1;nr
6g;1;nr
21d;1;nr